team1_wins,team1_encoded,team2_encoded,team1_won_toss,toss_field,toss_decision_encoded,is_playoff,is_super_over,team1_win_rate,team2_win_rate,win_rate_diff,venue_match_count
Team2_Wins,14,7,1,1,1,0,0,0.488,0.522,-0.034,63
Team2_Wins,11,1,0,0,0,0,0,0.455,0.582,-0.127,35
Team1_Wins,3,12,0,0,0,0,0,0.46,0.511,-0.051,59
Team2_Wins,9,14,1,0,0,0,0,0.552,0.488,0.064,73
Team1_Wins,7,2,0,0,0,0,0,0.522,0.387,0.135,77
Team1_Wins,12,11,0,0,0,0,0,0.511,0.455,0.056,47
Team2_Wins,2,3,1,0,0,0,0,0.387,0.46,-0.073,49
Team1_Wins,1,9,0,1,1,0,0,0.582,0.552,0.03,48
Team2_Wins,2,12,0,1,1,0,0,0.387,0.511,-0.124,49
Team1_Wins,11,9,0,1,1,0,0,0.455,0.552,-0.097,35
Team2_Wins,14,12,0,1,1,0,0,0.488,0.511,-0.023,63
Team1_Wins,1,7,0,0,0,0,0,0.582,0.522,0.06,48
Team2_Wins,9,2,0,1,1,0,0,0.552,0.387,0.165,17
Team1_Wins,11,3,0,0,0,0,0,0.455,0.46,-0.005,35
Team2_Wins,14,1,0,0,0,0,0,0.488,0.582,-0.094,63
Team2_Wins,7,9,1,0,0,0,0,0.522,0.552,-0.03,77
Team1_Wins,3,14,0,1,1,0,0,0.46,0.488,-0.028,59
Team2_Wins,2,11,0,1,1,0,0,0.387,0.455,-0.068,49
Team1_Wins,12,7,1,0,0,0,0,0.511,0.522,-0.011,47
Team2_Wins,1,3,1,0,0,0,0,0.582,0.46,0.122,48
Team1_Wins,11,7,1,0,0,0,0,0.455,0.522,-0.067,35
Team1_Wins,14,2,0,1,1,0,0,0.488,0.387,0.101,63
Team1_Wins,9,3,0,1,1,0,0,0.552,0.46,0.092,17
Team1_Wins,12,1,0,0,0,0,0,0.511,0.582,-0.071,47
Team2_Wins,14,11,0,1,1,0,0,0.488,0.455,0.033,63
Team2_Wins,1,2,0,1,1,0,0,0.582,0.387,0.195,48
Team1_Wins,9,12,1,1,1,0,0,0.552,0.511,0.041,17
Team2_Wins,3,1,0,1,1,0,0,0.46,0.582,-0.122,59
Team1_Wins,7,14,1,0,0,0,0,0.522,0.488,0.034,77
Team1_Wins,12,2,1,1,1,0,0,0.511,0.387,0.124,47
Team1_Wins,1,11,0,1,1,0,0,0.582,0.455,0.127,48
Team2_Wins,2,7,0,0,0,0,0,0.387,0.522,-0.135,49
Team1_Wins,12,3,1,1,1,0,0,0.511,0.46,0.051,47
Team1_Wins,11,14,0,0,0,0,0,0.455,0.488,-0.033,35
Team1_Wins,7,3,1,0,0,0,0,0.522,0.46,0.062,77
Team1_Wins,9,1,1,1,1,0,0,0.552,0.582,-0.03,73
Team1_Wins,3,2,0,1,1,0,0,0.46,0.387,0.073,59
Team1_Wins,9,7,1,1,1,0,0,0.552,0.522,0.03,73
Team2_Wins,3,11,1,0,0,0,0,0.46,0.455,0.005,59
Team1_Wins,12,14,0,1,1,0,0,0.511,0.488,0.023,47
Team2_Wins,2,9,1,1,1,0,0,0.387,0.552,-0.165,49
Team2_Wins,7,1,1,0,0,0,0,0.522,0.582,-0.06,77
Team2_Wins,14,3,0,1,1,0,0,0.488,0.46,0.028,63
Team2_Wins,7,12,0,1,1,0,0,0.522,0.511,0.011,77
Team2_Wins,9,11,1,1,1,0,0,0.552,0.455,0.097,73
Team2_Wins,1,14,0,0,0,0,0,0.582,0.488,0.094,48
Team1_Wins,11,2,1,1,1,0,0,0.455,0.387,0.068,35
Team1_Wins,3,9,1,1,1,0,0,0.46,0.552,-0.092,59
Team2_Wins,1,12,0,0,0,0,0,0.582,0.511,0.071,48
Team2_Wins,2,14,1,0,0,0,0,0.387,0.488,-0.101,49
Team1_Wins,7,11,0,0,0,0,0,0.522,0.455,0.067,77
Team1_Wins,12,9,1,1,1,0,0,0.511,0.552,-0.041,47
Team2_Wins,2,1,1,0,0,0,0,0.387,0.582,-0.195,49
Team2_Wins,14,9,0,1,1,0,0,0.488,0.552,-0.064,63
Team1_Wins,11,12,0,1,1,0,0,0.455,0.511,-0.056,35
Team2_Wins,3,12,1,1,1,0,0,0.46,0.511,-0.051,73
Team1_Wins,1,11,0,0,0,0,0,0.582,0.455,0.127,73
Team2_Wins,1,12,0,1,1,1,0,0.582,0.511,0.071,17
Team2_Wins,1,9,1,1,1,0,0,0.582,0.552,0.03,7
Team1_Wins,14,12,1,0,0,0,0,0.488,0.511,-0.023,7
Team1_Wins,3,11,1,1,1,0,0,0.46,0.455,0.005,7
Team1_Wins,2,7,0,0,0,0,0,0.387,0.522,-0.135,7
Team2_Wins,14,1,0,0,0,0,0,0.488,0.582,-0.094,7
Team2_Wins,11,7,0,1,1,0,0,0.455,0.522,-0.067,15
Team2_Wins,14,2,0,0,0,0,0,0.488,0.387,0.101,7
Team2_Wins,1,3,0,0,0,0,0,0.582,0.46,0.122,15
Team2_Wins,7,12,1,1,1,0,1,0.522,0.511,0.011,7
Team2_Wins,14,11,1,0,0,0,0,0.488,0.455,0.033,15
Team1_Wins,2,9,1,0,0,0,0,0.387,0.552,-0.165,15
Team2_Wins,14,3,1,0,0,0,0,0.488,0.46,0.028,7
Team1_Wins,11,12,1,0,0,0,0,0.455,0.511,-0.056,7
Team2_Wins,1,2,0,1,1,0,0,0.582,0.387,0.195,15
Team2_Wins,7,9,0,0,0,0,0,0.522,0.552,-0.03,7
Team2_Wins,3,12,1,0,0,0,0,0.46,0.511,-0.051,12
Team1_Wins,14,7,0,0,0,0,0,0.488,0.522,-0.034,15
Team1_Wins,11,9,1,0,0,0,0,0.455,0.552,-0.097,15
Team2_Wins,2,3,0,1,1,0,0,0.387,0.46,-0.073,12
Team1_Wins,1,12,0,1,1,0,0,0.582,0.511,0.071,12
Team2_Wins,7,9,0,0,0,0,0,0.522,0.552,-0.03,3
Team1_Wins,14,11,1,0,0,0,0,0.488,0.455,0.033,15
Team2_Wins,2,12,1,0,0,0,0,0.387,0.511,-0.124,7
Team1_Wins,1,3,0,1,1,0,0,0.582,0.46,0.122,8
Team1_Wins,11,7,0,0,0,0,0,0.455,0.522,-0.067,7
Team1_Wins,14,9,0,0,0,0,0,0.488,0.552,-0.064,8
Team1_Wins,1,2,1,0,0,0,0,0.582,0.387,0.195,3
Team2_Wins,11,12,1,1,1,0,0,0.455,0.511,-0.056,15
Team1_Wins,3,7,0,0,0,0,0,0.46,0.522,-0.062,15
Team1_Wins,2,9,1,0,0,0,0,0.387,0.552,-0.165,12
Team2_Wins,14,12,0,1,1,0,0,0.488,0.511,-0.023,12
Team1_Wins,1,11,1,0,0,0,0,0.582,0.455,0.127,12
Team1_Wins,3,9,0,0,0,0,0,0.46,0.552,-0.092,3
Team2_Wins,2,11,0,1,1,0,0,0.387,0.455,-0.068,3
Team1_Wins,1,12,0,0,0,0,0,0.582,0.511,0.071,3
Team2_Wins,14,9,0,0,0,0,0,0.488,0.552,-0.064,7
Team1_Wins,3,7,1,1,1,0,0,0.46,0.522,-0.062,8
Team1_Wins,2,12,1,0,0,0,0,0.387,0.511,-0.124,3
Team1_Wins,14,7,1,1,1,0,0,0.488,0.522,-0.034,12
Team2_Wins,11,9,1,0,0,0,0,0.455,0.552,-0.097,12
Team2_Wins,2,3,1,1,1,0,0,0.387,0.46,-0.073,15
Team1_Wins,14,1,0,0,0,0,0,0.488,0.582,-0.094,15
Team2_Wins,9,12,0,0,0,0,0,0.552,0.511,0.041,15
Team2_Wins,3,11,0,1,1,0,0,0.46,0.455,0.005,2
Team1_Wins,1,9,0,0,0,0,0,0.582,0.552,0.03,7
Team1_Wins,2,7,1,1,1,0,0,0.387,0.522,-0.135,8
Team2_Wins,2,11,1,1,1,0,0,0.387,0.455,-0.068,8
Team1_Wins,3,12,1,0,0,0,0,0.46,0.511,-0.051,2
Team2_Wins,1,7,1,0,0,0,0,0.582,0.522,0.06,12
Team1_Wins,14,3,0,0,0,0,0,0.488,0.46,0.028,8
Team1_Wins,7,12,1,1,1,0,0,0.522,0.511,0.011,15
Team1_Wins,1,11,1,0,0,0,0,0.582,0.455,0.127,15
Team1_Wins,3,9,1,1,1,0,0,0.46,0.552,-0.092,12
Team1_Wins,14,2,1,0,0,0,0,0.488,0.387,0.101,12
Team2_Wins,3,2,0,1,1,0,0,0.46,0.387,0.073,12
Team1_Wins,14,1,1,1,1,0,0,0.488,0.582,-0.094,8
Team2_Wins,14,2,1,1,1,1,0,0.488,0.387,0.101,8
Team2_Wins,2,7,1,1,1,0,0,0.387,0.522,-0.135,17
Team1_Wins,9,12,1,0,0,0,0,0.552,0.511,0.041,10
Team2_Wins,11,3,0,1,1,0,0,0.455,0.46,-0.005,35
Team1_Wins,7,14,1,1,1,0,0,0.522,0.488,0.034,77
Team2_Wins,1,2,0,0,0,0,0,0.582,0.387,0.195,48
Team2_Wins,12,3,0,1,1,0,0,0.511,0.46,0.051,12
Team1_Wins,14,11,0,0,0,0,0,0.488,0.455,0.033,63
Team2_Wins,7,1,0,0,0,0,0,0.522,0.582,-0.06,77
Team2_Wins,3,9,1,1,1,0,0,0.46,0.552,-0.092,59
Team1_Wins,14,12,1,1,1,0,0,0.488,0.511,-0.023,63
Team2_Wins,3,1,1,0,0,0,0,0.46,0.582,-0.122,59
Team1_Wins,2,11,0,1,1,0,0,0.387,0.455,-0.068,7
Team1_Wins,12,7,1,0,0,0,0,0.511,0.522,-0.011,12
Team2_Wins,9,14,1,0,0,0,0,0.552,0.488,0.064,10
Team1_Wins,2,3,1,0,0,0,0,0.387,0.46,-0.073,7
Team2_Wins,1,11,1,1,1,0,1,0.582,0.455,0.127,48
Team1_Wins,9,7,0,0,0,0,0,0.552,0.522,0.03,10
Team1_Wins,14,1,0,1,1,0,0,0.488,0.582,-0.094,63
Team2_Wins,11,12,1,1,1,0,0,0.455,0.511,-0.056,35
Team2_Wins,1,9,0,1,1,0,0,0.582,0.552,0.03,17
Team2_Wins,14,3,1,1,1,0,0,0.488,0.46,0.028,63
Team1_Wins,12,2,0,0,0,0,0,0.511,0.387,0.124,12
Team2_Wins,11,7,0,0,0,0,0,0.455,0.522,-0.067,35
Team1_Wins,12,1,1,0,0,0,0,0.511,0.582,-0.071,12
Team2_Wins,2,9,1,1,1,0,0,0.387,0.552,-0.165,17
Team1_Wins,3,7,1,0,0,0,0,0.46,0.522,-0.062,59
Team1_Wins,9,11,1,1,1,0,0,0.552,0.455,0.097,10
Team1_Wins,1,14,0,0,0,0,0,0.582,0.488,0.094,48
Team1_Wins,3,12,1,0,0,0,0,0.46,0.511,-0.051,59
Team1_Wins,7,2,1,0,0,0,0,0.522,0.387,0.135,77
Team2_Wins,11,14,1,0,0,0,0,0.455,0.488,-0.033,35
Team1_Wins,1,12,1,0,0,0,0,0.582,0.511,0.071,48
Team1_Wins,9,2,1,0,0,0,0,0.552,0.387,0.165,10
Team2_Wins,7,11,1,0,0,0,0,0.522,0.455,0.067,77
Team1_Wins,3,14,1,0,0,0,0,0.46,0.488,-0.028,59
Team2_Wins,2,12,0,0,0,0,0,0.387,0.511,-0.124,3
Team1_Wins,1,9,1,0,0,0,0,0.582,0.552,0.03,48
Team1_Wins,12,11,0,0,0,0,0,0.511,0.455,0.056,47
Team1_Wins,7,3,1,0,0,0,0,0.522,0.46,0.062,77
Team2_Wins,14,2,0,1,1,0,0,0.488,0.387,0.101,63
Team1_Wins,11,9,0,0,0,0,0,0.455,0.552,-0.097,35
Team1_Wins,2,1,0,0,0,0,0,0.387,0.582,-0.195,3
Team1_Wins,14,7,1,1,1,0,0,0.488,0.522,-0.034,63
Team2_Wins,3,11,1,0,0,0,0,0.46,0.455,0.005,59
Team2_Wins,12,9,1,1,1,0,0,0.511,0.552,-0.041,47
Team1_Wins,2,14,0,1,1,0,0,0.387,0.488,-0.101,3
Team1_Wins,9,3,1,0,0,0,0,0.552,0.46,0.092,10
Team1_Wins,1,7,0,0,0,0,0,0.582,0.522,0.06,48
Team2_Wins,12,14,1,0,0,0,0,0.511,0.488,0.023,47
Team2_Wins,1,3,1,0,0,0,0,0.582,0.46,0.122,48
Team2_Wins,11,2,0,1,1,0,0,0.455,0.387,0.068,9
Team2_Wins,14,9,1,1,1,0,0,0.488,0.552,-0.064,63
Team1_Wins,7,12,0,0,0,0,0,0.522,0.511,0.011,77
Team2_Wins,11,1,0,1,1,0,0,0.455,0.582,-0.127,9
Team2_Wins,3,2,0,0,0,0,0,0.46,0.387,0.073,59
Team1_Wins,7,9,0,0,0,0,0,0.522,0.552,-0.03,77
Team2_Wins,14,9,0,0,0,0,0,0.488,0.552,-0.064,17
Team1_Wins,1,2,1,0,0,0,0,0.582,0.387,0.195,17
Team1_Wins,14,2,0,0,0,0,0,0.488,0.387,0.101,17
Team1_Wins,1,9,1,0,0,1,0,0.582,0.552,0.03,17
Team1_Wins,1,7,1,0,0,0,0,0.582,0.522,0.06,48
Team2_Wins,2,12,0,1,1,0,0,0.387,0.511,-0.124,49
Team2_Wins,6,14,1,0,0,0,0,0.429,0.488,-0.059,5
Team2_Wins,3,9,1,0,0,0,0,0.46,0.552,-0.092,59
Team1_Wins,10,11,0,0,0,0,0,0.267,0.455,-0.188,17
Team1_Wins,7,2,1,0,0,0,0,0.522,0.387,0.135,77
Team1_Wins,12,3,0,0,0,0,0,0.511,0.46,0.051,47
Team2_Wins,14,9,0,1,1,0,0,0.488,0.552,-0.064,63
Team1_Wins,11,1,1,1,1,0,0,0.455,0.582,-0.127,35
Team1_Wins,10,6,0,0,0,0,0,0.267,0.429,-0.162,17
Team1_Wins,2,14,0,1,1,0,0,0.387,0.488,-0.101,49
Team2_Wins,12,7,0,1,1,0,0,0.511,0.522,-0.011,47
Team2_Wins,9,6,0,1,1,0,0,0.552,0.429,0.123,73
Team1_Wins,1,14,1,0,0,0,0,0.582,0.488,0.094,48
Team2_Wins,2,11,0,1,1,0,0,0.387,0.455,-0.068,49
Team2_Wins,10,3,0,1,1,0,0,0.267,0.46,-0.193,17
Team1_Wins,7,12,1,1,1,0,0,0.522,0.511,0.011,77
Team1_Wins,6,1,1,1,1,0,0,0.429,0.582,-0.153,5
Team2_Wins,3,2,0,0,0,0,0,0.46,0.387,0.073,59
Team1_Wins,9,10,0,0,0,0,0,0.552,0.267,0.285,73
Team2_Wins,7,6,1,1,1,0,0,0.522,0.429,0.093,77
Team1_Wins,11,12,0,1,1,0,0,0.455,0.511,-0.056,35
Team1_Wins,9,1,0,1,1,0,0,0.552,0.582,-0.03,73
Team2_Wins,7,14,0,1,1,0,0,0.522,0.488,0.034,77
Team1_Wins,3,11,0,1,1,0,0,0.46,0.455,0.005,59
Team2_Wins,2,9,1,1,1,0,0,0.387,0.552,-0.165,49
Team1_Wins,12,6,1,1,1,0,0,0.511,0.429,0.082,47
Team1_Wins,1,10,0,1,1,0,0,0.582,0.267,0.315,48
Team2_Wins,3,14,0,1,1,0,0,0.46,0.488,-0.028,59
Team2_Wins,10,1,1,0,0,0,0,0.267,0.582,-0.315,17
Team2_Wins,6,2,1,1,1,0,0,0.429,0.387,0.042,5
Team2_Wins,3,7,1,1,1,0,0,0.46,0.522,-0.062,59
Team1_Wins,12,9,1,1,1,0,0,0.511,0.552,-0.041,47
Team1_Wins,14,10,0,1,1,0,0,0.488,0.267,0.221,63
Team2_Wins,6,3,0,0,0,0,0,0.429,0.46,-0.031,5
Team1_Wins,7,11,1,1,1,0,0,0.522,0.455,0.067,77
Team1_Wins,12,10,1,1,1,0,0,0.511,0.267,0.244,47
Team1_Wins,1,2,1,0,0,0,0,0.582,0.387,0.195,48
Team1_Wins,9,11,0,1,1,0,0,0.552,0.455,0.097,73
Team2_Wins,3,6,0,1,1,0,0,0.46,0.429,0.031,59
Team2_Wins,2,7,1,1,1,0,0,0.387,0.522,-0.135,49
Team1_Wins,1,12,0,0,0,0,0,0.582,0.511,0.071,48
Team2_Wins,10,9,1,1,1,0,0,0.267,0.552,-0.285,17
Team1_Wins,6,7,0,1,1,0,0,0.429,0.522,-0.093,5
Team2_Wins,2,3,0,1,1,0,0,0.387,0.46,-0.073,49
Team1_Wins,14,11,0,1,1,0,0,0.488,0.455,0.033,63
Team1_Wins,7,1,0,0,0,0,0,0.522,0.582,-0.06,77
Team1_Wins,9,3,0,1,1,0,0,0.552,0.46,0.092,73
Team1_Wins,14,6,0,0,0,0,0,0.488,0.429,0.059,63
Team2_Wins,11,10,1,0,0,0,0,0.455,0.267,0.188,35
Team2_Wins,12,1,1,1,1,0,0,0.511,0.582,-0.071,47
Team2_Wins,2,10,1,0,0,0,0,0.387,0.267,0.12,49
Team1_Wins,11,9,0,1,1,0,0,0.455,0.552,-0.097,35
Team2_Wins,12,14,0,1,1,0,0,0.511,0.488,0.023,47
Team1_Wins,1,3,1,0,0,0,0,0.582,0.46,0.122,48
Team2_Wins,6,11,0,1,1,0,0,0.429,0.455,-0.026,9
Team1_Wins,14,7,1,1,1,0,0,0.488,0.522,-0.034,63
Team2_Wins,9,2,0,0,0,0,0,0.552,0.387,0.165,73
Team1_Wins,11,3,0,1,1,0,0,0.455,0.46,-0.005,9
Team1_Wins,6,12,1,1,1,0,0,0.429,0.511,-0.082,9
Team2_Wins,10,2,0,1,1,0,0,0.267,0.387,-0.12,17
Team1_Wins,11,14,1,0,0,0,0,0.455,0.488,-0.033,9
Team1_Wins,1,6,1,0,0,0,0,0.582,0.429,0.153,48
Team2_Wins,10,7,0,1,1,0,0,0.267,0.522,-0.255,17
Team2_Wins,9,12,1,0,0,0,0,0.552,0.511,0.041,73
Team2_Wins,11,2,1,1,1,0,0,0.455,0.387,0.068,9
Team1_Wins,14,1,1,1,1,0,0,0.488,0.582,-0.094,63
Team2_Wins,7,9,0,1,1,0,0,0.522,0.552,-0.03,77
Team2_Wins,14,1,0,1,1,1,0,0.488,0.582,-0.094,73
Team1_Wins,9,7,1,1,1,0,0,0.552,0.522,0.03,73
Team1_Wins,14,9,0,1,1,1,0,0.488,0.552,-0.064,48
Team1_Wins,1,14,1,0,0,1,0,0.582,0.488,0.094,48
Team2_Wins,1,9,0,1,1,0,0,0.582,0.552,0.03,48
Team2_Wins,7,3,0,1,1,0,0,0.522,0.46,0.062,77
Team2_Wins,9,10,1,1,1,0,0,0.552,0.267,0.285,73
Team1_Wins,12,11,0,1,1,0,0,0.511,0.455,0.056,47
Team1_Wins,14,3,0,1,1,0,0,0.488,0.46,0.028,63
Team2_Wins,2,1,1,1,1,0,0,0.387,0.582,-0.195,13
Team1_Wins,12,7,0,1,1,0,0,0.511,0.522,-0.011,47
Team1_Wins,10,11,1,0,0,0,0,0.267,0.455,-0.188,16
Team2_Wins,2,9,1,0,0,0,0,0.387,0.552,-0.165,13
Team2_Wins,14,7,1,1,1,0,0,0.488,0.522,-0.034,63
Team1_Wins,3,1,1,1,1,0,0,0.46,0.582,-0.122,59
Team1_Wins,9,12,0,1,1,0,0,0.552,0.511,0.041,73
Team1_Wins,1,14,0,0,0,0,0,0.582,0.488,0.094,48
Team1_Wins,11,10,1,1,1,0,0,0.455,0.267,0.188,35
Team1_Wins,7,12,0,0,0,0,0,0.522,0.511,0.011,77
Team1_Wins,10,1,0,0,0,0,0,0.267,0.582,-0.315,16
Team2_Wins,7,11,1,1,1,0,0,0.522,0.455,0.067,77
Team2_Wins,14,12,0,0,0,0,0,0.488,0.511,-0.023,63
Team2_Wins,9,3,0,1,1,0,0,0.552,0.46,0.092,73
Team1_Wins,12,2,0,0,0,0,0,0.511,0.387,0.124,47
Team1_Wins,14,10,0,0,0,0,0,0.488,0.267,0.221,63
Team2_Wins,11,7,1,0,0,0,0,0.455,0.522,-0.067,35
Team1_Wins,3,2,0,0,0,0,0,0.46,0.387,0.073,59
Team1_Wins,1,10,0,1,1,0,0,0.582,0.267,0.315,48
Team2_Wins,11,14,0,1,1,0,0,0.455,0.488,-0.033,35
Team1_Wins,1,12,0,0,0,0,0,0.582,0.511,0.071,48
Team2_Wins,3,10,1,1,1,0,0,0.46,0.267,0.193,59
Team2_Wins,9,11,1,0,0,0,0,0.552,0.455,0.097,73
Team2_Wins,2,7,0,1,1,0,0,0.387,0.522,-0.135,7
Team2_Wins,12,14,1,1,1,0,0,0.511,0.488,0.023,47
Team2_Wins,10,3,1,0,0,0,0,0.267,0.46,-0.193,16
Team2_Wins,11,9,1,0,0,0,0,0.455,0.552,-0.097,35
Team2_Wins,10,2,0,0,0,0,0,0.267,0.387,-0.12,16
Team1_Wins,3,9,0,1,1,0,0,0.46,0.552,-0.092,59
Team2_Wins,1,11,0,0,0,0,0,0.582,0.455,0.127,48
Team1_Wins,7,14,1,0,0,0,0,0.522,0.488,0.034,77
Team1_Wins,3,12,1,0,0,0,0,0.46,0.511,-0.051,59
Team1_Wins,9,2,1,1,1,0,0,0.552,0.387,0.165,73
Team2_Wins,1,7,1,0,0,0,0,0.582,0.522,0.06,48
Team1_Wins,2,10,1,0,0,0,0,0.387,0.267,0.12,7
Team2_Wins,12,3,1,0,0,0,0,0.511,0.46,0.051,47
Team2_Wins,14,11,0,1,1,0,0,0.488,0.455,0.033,63
Team2_Wins,10,9,0,0,0,0,0,0.267,0.552,-0.285,16
Team1_Wins,1,2,1,0,0,0,0,0.582,0.387,0.195,48
Team1_Wins,7,10,1,0,0,0,0,0.522,0.267,0.255,77
Team2_Wins,11,12,0,0,0,0,0,0.455,0.511,-0.056,35
Team1_Wins,9,1,1,1,1,0,0,0.552,0.582,-0.03,73
Team1_Wins,14,2,1,1,1,0,0,0.488,0.387,0.101,63
Team2_Wins,3,7,1,0,0,0,0,0.46,0.522,-0.062,59
Team2_Wins,10,12,1,0,0,0,0,0.267,0.511,-0.244,16
Team2_Wins,2,11,1,1,1,0,0,0.387,0.455,-0.068,49
Team2_Wins,9,14,0,1,1,0,0,0.552,0.488,0.064,73
Team2_Wins,2,3,1,0,0,0,0,0.387,0.46,-0.073,49
Team2_Wins,12,1,0,1,1,0,0,0.511,0.582,-0.071,47
Team2_Wins,10,14,1,1,1,0,0,0.267,0.488,-0.221,16
Team2_Wins,7,9,0,0,0,0,0,0.522,0.552,-0.03,77
Team1_Wins,1,3,1,1,1,0,0,0.582,0.46,0.122,48
Team1_Wins,12,10,1,0,0,0,0,0.511,0.267,0.244,47
Team1_Wins,11,2,0,0,0,0,0,0.455,0.387,0.068,35
Team2_Wins,14,9,0,1,1,0,0,0.488,0.552,-0.064,63
Team2_Wins,7,1,0,1,1,0,0,0.522,0.582,-0.06,77
Team1_Wins,3,11,0,0,0,0,0,0.46,0.455,0.005,59
Team2_Wins,9,7,1,1,1,0,0,0.552,0.522,0.03,73
Team1_Wins,11,1,1,1,1,0,0,0.455,0.582,-0.127,9
Team2_Wins,3,14,1,1,1,0,0,0.46,0.488,-0.028,59
Team1_Wins,2,12,0,0,0,0,0,0.387,0.511,-0.124,49
Team2_Wins,11,3,0,1,1,0,0,0.455,0.46,-0.005,9
Team2_Wins,10,7,0,0,0,0,0,0.267,0.522,-0.255,16
Team1_Wins,2,14,0,1,1,0,0,0.387,0.488,-0.101,49
Team2_Wins,12,9,1,0,0,0,0,0.511,0.552,-0.041,47
Team2_Wins,3,7,0,0,0,1,0,0.46,0.522,-0.062,16
Team1_Wins,1,9,0,1,1,0,0,0.582,0.552,0.03,63
Team2_Wins,3,1,1,1,1,1,0,0.46,0.582,-0.122,48
Team1_Wins,7,1,0,0,0,1,0,0.522,0.582,-0.06,48
Team1_Wins,7,3,1,1,1,0,0,0.522,0.46,0.062,77
Team1_Wins,14,9,0,1,1,0,0,0.488,0.552,-0.064,63
Team1_Wins,15,10,0,1,1,0,0,0.484,0.267,0.217,49
Team2_Wins,3,12,0,0,0,0,0,0.46,0.511,-0.051,59
Team2_Wins,1,9,0,0,0,0,0,0.582,0.552,0.03,48
Team2_Wins,10,11,1,0,0,0,0,0.267,0.455,-0.188,16
Team1_Wins,15,14,0,0,0,0,1,0.484,0.488,-0.004,49
Team1_Wins,12,7,0,1,1,0,0,0.511,0.522,-0.011,47
Team1_Wins,9,3,1,0,0,0,0,0.552,0.46,0.092,73
Team1_Wins,14,15,0,0,0,0,0,0.488,0.484,0.004,63
Team2_Wins,11,1,0,1,1,0,0,0.455,0.582,-0.127,35
Team1_Wins,14,7,1,1,1,0,0,0.488,0.522,-0.034,63
Team1_Wins,10,12,0,0,0,0,0,0.267,0.511,-0.244,16
Team2_Wins,3,15,1,0,0,0,0,0.46,0.484,-0.024,59
Team1_Wins,9,10,1,0,0,0,0,0.552,0.267,0.285,73
Team1_Wins,1,14,1,1,1,0,0,0.582,0.488,0.094,48
Team1_Wins,7,15,1,0,0,0,0,0.522,0.484,0.038,77
Team1_Wins,12,11,1,1,1,0,0,0.511,0.455,0.056,47
Team2_Wins,1,10,0,0,0,0,0,0.582,0.267,0.315,48
Team1_Wins,11,7,0,1,1,0,0,0.455,0.522,-0.067,35
Team1_Wins,14,3,1,1,1,0,1,0.488,0.46,0.028,63
Team2_Wins,10,15,1,1,1,0,0,0.267,0.484,-0.217,22
Team1_Wins,12,9,1,0,0,0,0,0.511,0.552,-0.041,47
Team2_Wins,3,1,0,0,0,0,0,0.46,0.582,-0.122,59
Team1_Wins,15,11,0,0,0,0,0,0.484,0.455,0.029,49
Team2_Wins,7,1,1,0,0,0,0,0.522,0.582,-0.06,77
Team1_Wins,14,12,1,1,1,0,0,0.488,0.511,-0.023,63
Team1_Wins,3,9,0,0,0,0,0,0.46,0.552,-0.092,59
Team1_Wins,11,10,1,1,1,0,0,0.455,0.267,0.188,35
Team1_Wins,1,12,0,0,0,0,0,0.582,0.511,0.071,48
Team1_Wins,14,10,0,1,1,0,0,0.488,0.267,0.221,63
Team2_Wins,3,11,0,1,1,0,0,0.46,0.455,0.005,59
Team2_Wins,7,9,1,0,0,0,0,0.522,0.552,-0.03,77
Team1_Wins,1,15,0,0,0,0,0,0.582,0.484,0.098,48
Team1_Wins,7,11,0,0,0,0,0,0.522,0.455,0.067,77
Team1_Wins,12,15,0,0,0,0,0,0.511,0.484,0.027,47
Team1_Wins,9,14,1,0,0,0,0,0.552,0.488,0.064,73
Team1_Wins,1,7,0,1,1,0,0,0.582,0.522,0.06,48
Team1_Wins,3,10,0,1,1,0,0,0.46,0.267,0.193,6
Team1_Wins,12,14,1,1,1,0,0,0.511,0.488,0.023,47
Team1_Wins,9,11,1,0,0,0,0,0.552,0.455,0.097,73
Team2_Wins,10,1,0,0,0,0,0,0.267,0.582,-0.315,16
Team1_Wins,15,9,0,0,0,0,0,0.484,0.552,-0.068,49
Team1_Wins,3,7,0,0,0,0,0,0.46,0.522,-0.062,6
Team1_Wins,1,11,1,0,0,0,0,0.582,0.455,0.127,48
Team2_Wins,10,14,0,0,0,0,0,0.267,0.488,-0.221,16
Team1_Wins,7,12,0,0,0,0,0,0.522,0.511,0.011,77
Team1_Wins,15,3,0,0,0,0,0,0.484,0.46,0.024,49
Team1_Wins,9,1,1,0,0,0,0,0.552,0.582,-0.03,73
Team1_Wins,12,10,0,0,0,0,0,0.511,0.267,0.244,47
Team1_Wins,11,14,1,1,1,0,0,0.455,0.488,-0.033,35
Team1_Wins,12,3,0,0,0,0,0,0.511,0.46,0.051,47
Team1_Wins,9,7,1,0,0,0,0,0.552,0.522,0.03,73
Team2_Wins,15,1,1,1,1,0,0,0.484,0.582,-0.098,49
Team2_Wins,11,12,0,1,1,0,0,0.455,0.511,-0.056,35
Team2_Wins,10,7,0,0,0,0,0,0.267,0.522,-0.255,16
Team2_Wins,3,14,1,1,1,0,0,0.46,0.488,-0.028,59
Team2_Wins,10,9,1,0,0,0,0,0.267,0.552,-0.285,16
Team2_Wins,11,15,1,1,1,0,0,0.455,0.484,-0.029,35
Team1_Wins,7,14,1,1,1,0,0,0.522,0.488,0.034,7
Team1_Wins,12,1,1,1,1,0,0,0.511,0.582,-0.071,47
Team1_Wins,9,15,0,0,0,0,0,0.552,0.484,0.068,73
Team2_Wins,14,11,0,1,1,0,0,0.488,0.455,0.033,63
Team1_Wins,1,3,1,0,0,0,0,0.582,0.46,0.122,48
Team2_Wins,7,10,1,1,1,0,0,0.522,0.267,0.255,7
Team1_Wins,9,12,0,1,1,0,0,0.552,0.511,0.041,73
Team1_Wins,11,3,0,1,1,0,0,0.455,0.46,-0.005,9
Team1_Wins,15,12,1,0,0,0,0,0.484,0.511,-0.027,49
Team1_Wins,11,9,0,1,1,0,0,0.455,0.552,-0.097,9
Team1_Wins,14,1,0,1,1,0,0,0.488,0.582,-0.094,63
Team1_Wins,10,3,1,0,0,0,0,0.267,0.46,-0.193,16
Team1_Wins,15,7,0,0,0,0,0,0.484,0.522,-0.038,49
Team1_Wins,1,9,1,0,0,1,0,0.582,0.552,0.03,59
Team1_Wins,12,15,0,0,0,1,0,0.511,0.484,0.027,59
Team1_Wins,9,12,0,0,0,1,0,0.552,0.511,0.041,77
Team2_Wins,1,9,0,0,0,1,0,0.582,0.552,0.03,77
Team2_Wins,9,7,0,0,0,0,0,0.552,0.522,0.03,29
Team2_Wins,3,14,0,1,1,0,0,0.46,0.488,-0.028,28
Team2_Wins,1,11,1,0,0,0,0,0.582,0.455,0.127,29
Team2_Wins,15,12,0,1,1,0,0,0.484,0.511,-0.027,29
Team1_Wins,14,9,1,1,1,0,0,0.488,0.552,-0.064,46
Team2_Wins,7,3,1,0,0,0,0,0.522,0.46,0.062,46
Team2_Wins,12,11,0,1,1,0,0,0.511,0.455,0.056,28
Team1_Wins,1,3,1,0,0,0,0,0.582,0.46,0.122,29
Team1_Wins,11,15,0,1,1,0,0,0.455,0.484,-0.029,28
Team2_Wins,12,1,1,1,1,0,0,0.511,0.582,-0.071,46
Team2_Wins,14,7,1,1,1,0,0,0.488,0.522,-0.034,28
Team1_Wins,15,3,1,0,0,0,0,0.484,0.46,0.024,46
Team1_Wins,1,9,0,0,0,0,0,0.582,0.552,0.03,46
Team1_Wins,12,14,1,1,1,0,0,0.511,0.488,0.023,29
Team2_Wins,7,11,1,1,1,0,0,0.522,0.455,0.067,29
Team1_Wins,3,9,0,0,0,0,0,0.46,0.552,-0.092,28
Team2_Wins,15,1,1,0,0,0,0,0.484,0.582,-0.098,28
Team1_Wins,11,14,1,1,1,0,0,0.455,0.488,-0.033,46
Team2_Wins,7,12,0,0,0,0,1,0.522,0.511,0.011,29
Team2_Wins,9,15,1,1,1,0,0,0.552,0.484,0.068,46
Team1_Wins,1,7,1,0,0,0,0,0.582,0.522,0.06,7
Team1_Wins,9,11,0,0,0,0,0,0.552,0.455,0.097,73
Team2_Wins,3,12,0,1,1,0,0,0.46,0.511,-0.051,59
Team1_Wins,14,15,1,1,1,0,0,0.488,0.484,0.004,63
Team1_Wins,12,7,0,1,1,0,0,0.511,0.522,-0.011,12
Team2_Wins,3,1,0,1,1,0,0,0.46,0.582,-0.122,59
Team1_Wins,9,14,0,1,1,0,0,0.552,0.488,0.064,73
Team2_Wins,3,7,1,0,0,0,0,0.46,0.522,-0.062,59
Team1_Wins,11,1,0,1,1,0,0,0.455,0.582,-0.127,7
Team2_Wins,12,15,1,1,1,0,0,0.511,0.484,0.027,12
Team2_Wins,14,11,1,1,1,0,0,0.488,0.455,0.033,63
Team2_Wins,3,15,0,1,1,0,0,0.46,0.484,-0.024,59
Team2_Wins,9,1,0,1,1,0,0,0.552,0.582,-0.03,73
Team2_Wins,11,7,0,1,1,0,0,0.455,0.522,-0.067,7
Team2_Wins,14,12,1,0,0,0,0,0.488,0.511,-0.023,63
Team2_Wins,15,9,1,0,0,0,0,0.484,0.552,-0.068,49
Team1_Wins,1,12,0,0,0,0,0,0.582,0.511,0.071,7
Team1_Wins,14,3,0,1,1,0,0,0.488,0.46,0.028,63
Team2_Wins,15,11,0,1,1,0,0,0.484,0.455,0.029,49
Team1_Wins,7,9,1,1,1,0,0,0.522,0.552,-0.03,7
Team1_Wins,12,3,0,1,1,0,0,0.511,0.46,0.051,12
Team2_Wins,1,14,1,0,0,0,0,0.582,0.488,0.094,7
Team2_Wins,15,7,1,0,0,0,0,0.484,0.522,-0.038,49
Team2_Wins,12,9,0,0,0,0,0,0.511,0.552,-0.041,12
Team2_Wins,3,11,0,1,1,0,0,0.46,0.455,0.005,59
Team1_Wins,15,14,0,0,0,0,0,0.484,0.488,-0.004,49
Team1_Wins,7,1,1,1,1,0,0,0.522,0.582,-0.06,77
Team2_Wins,11,9,0,1,1,0,0,0.455,0.552,-0.097,35
Team1_Wins,7,14,0,1,1,0,0,0.522,0.488,0.034,77
Team2_Wins,1,15,0,1,1,0,0,0.582,0.484,0.098,7
Team1_Wins,9,3,0,1,1,0,0,0.552,0.46,0.092,73
Team1_Wins,11,12,0,1,1,0,0,0.455,0.511,-0.056,35
Team2_Wins,14,1,0,1,1,0,0,0.488,0.582,-0.094,63
Team1_Wins,7,15,1,1,1,0,0,0.522,0.484,0.038,77
Team1_Wins,11,3,1,1,1,0,0,0.455,0.46,-0.005,35
Team1_Wins,9,12,1,1,1,0,0,0.552,0.511,0.041,73
Team2_Wins,11,7,1,1,1,1,0,0.455,0.522,-0.067,77
Team1_Wins,1,9,1,1,1,1,0,0.582,0.552,0.03,10
Team2_Wins,1,11,1,1,1,1,0,0.582,0.455,0.127,73
Team1_Wins,7,11,1,1,1,1,0,0.522,0.455,0.067,63
Team1_Wins,7,9,1,1,1,0,0,0.522,0.552,-0.03,77
Team1_Wins,1,3,0,1,1,0,0,0.582,0.46,0.122,48
Team2_Wins,11,12,1,1,1,0,0,0.455,0.511,-0.056,22
Team1_Wins,1,15,1,0,0,0,0,0.582,0.484,0.098,48
Team2_Wins,7,14,0,1,1,0,0,0.522,0.488,0.034,77
Team2_Wins,3,12,0,1,1,0,0,0.46,0.511,-0.051,59
Team2_Wins,9,11,1,1,1,0,0,0.552,0.455,0.097,73
Team2_Wins,14,15,0,1,1,0,0,0.488,0.484,0.004,63
Team1_Wins,12,9,0,0,0,0,0,0.511,0.552,-0.041,12
Team2_Wins,11,3,1,0,0,0,0,0.455,0.46,-0.005,22
Team2_Wins,15,12,0,1,1,0,0,0.484,0.511,-0.027,13
Team2_Wins,9,1,1,0,0,0,0,0.552,0.582,-0.03,73
Team2_Wins,15,3,0,0,0,0,0,0.484,0.46,0.024,13
Team2_Wins,11,7,0,1,1,0,0,0.455,0.522,-0.067,22
Team1_Wins,12,1,0,0,0,0,0,0.511,0.582,-0.071,12
Team2_Wins,14,9,1,1,1,0,0,0.488,0.552,-0.064,63
Team2_Wins,3,7,0,1,1,0,0,0.46,0.522,-0.062,59
Team2_Wins,12,11,0,1,1,0,1,0.511,0.455,0.056,12
Team1_Wins,15,7,0,1,1,0,0,0.484,0.522,-0.038,13
Team2_Wins,14,1,1,1,1,0,0,0.488,0.582,-0.094,63
Team1_Wins,3,9,0,1,1,0,0,0.46,0.552,-0.092,59
Team2_Wins,12,14,0,1,1,0,0,0.511,0.488,0.023,12
Team1_Wins,9,15,1,0,0,0,0,0.552,0.484,0.068,73
Team1_Wins,1,11,1,0,0,0,0,0.582,0.455,0.127,48
Team2_Wins,3,14,0,1,1,0,0,0.46,0.488,-0.028,59
Team2_Wins,11,15,1,1,1,0,0,0.455,0.484,-0.029,35
Team1_Wins,1,7,0,1,1,0,0,0.582,0.522,0.06,48
Team1_Wins,7,1,1,1,1,0,0,0.522,0.582,-0.06,77
Team1_Wins,3,11,1,1,1,0,0,0.46,0.455,0.005,59
Team1_Wins,9,12,0,1,1,0,0,0.552,0.511,0.041,73
Team1_Wins,14,7,1,1,1,0,0,0.488,0.522,-0.034,63
Team1_Wins,15,1,0,1,1,0,0,0.484,0.582,-0.098,49
Team2_Wins,11,9,0,0,0,0,0,0.455,0.552,-0.097,35
Team1_Wins,12,3,0,1,1,0,0,0.511,0.46,0.051,10
Team1_Wins,1,14,1,0,0,0,0,0.582,0.488,0.094,48
Team1_Wins,7,15,0,1,1,0,0,0.522,0.484,0.038,77
Team1_Wins,9,3,0,0,0,0,0,0.552,0.46,0.092,73
Team1_Wins,14,11,0,1,1,0,0,0.488,0.455,0.033,63
Team1_Wins,7,3,1,0,0,0,0,0.522,0.46,0.062,77
Team2_Wins,12,15,1,1,1,0,0,0.511,0.484,0.027,10
Team2_Wins,1,9,1,0,0,0,0,0.582,0.552,0.03,48
Team1_Wins,7,11,0,0,0,0,0,0.522,0.455,0.067,77
Team2_Wins,3,15,0,0,0,0,0,0.46,0.484,-0.024,6
Team2_Wins,9,14,0,0,0,0,0,0.552,0.488,0.064,73
Team1_Wins,1,12,1,0,0,0,0,0.582,0.511,0.071,48
Team1_Wins,15,11,1,0,0,0,0,0.484,0.455,0.029,49
Team1_Wins,3,1,0,0,0,0,0,0.46,0.582,-0.122,6
Team1_Wins,11,14,0,1,1,0,0,0.455,0.488,-0.033,35
Team1_Wins,9,7,0,1,1,0,0,0.552,0.522,0.03,73
Team2_Wins,15,14,1,0,0,0,0,0.484,0.488,-0.004,49
Team2_Wins,11,1,1,0,0,0,0,0.455,0.582,-0.127,35
Team1_Wins,12,7,1,0,0,0,0,0.511,0.522,-0.011,10
Team2_Wins,15,9,1,0,0,0,0,0.484,0.552,-0.068,49
Team2_Wins,1,9,0,0,0,1,0,0.582,0.552,0.03,73
Team1_Wins,14,12,1,0,0,1,0,0.488,0.511,-0.023,22
Team1_Wins,1,14,1,1,1,1,0,0.582,0.488,0.094,7
Team1_Wins,9,1,0,1,1,1,0,0.552,0.582,-0.03,77
Team2_Wins,9,13,1,0,0,0,0,0.552,0.5,0.052,73
Team1_Wins,7,3,1,1,1,0,0,0.522,0.46,0.062,77
Team2_Wins,11,4,0,1,1,0,0,0.455,0.433,0.022,11
Team1_Wins,14,15,0,1,1,0,0,0.488,0.484,0.004,63
Team2_Wins,7,9,0,1,1,0,0,0.522,0.552,-0.03,77
Team1_Wins,4,13,0,0,0,0,0,0.433,0.5,-0.067,10
Team1_Wins,3,11,1,1,1,0,0,0.46,0.455,0.005,59
Team2_Wins,15,7,1,0,0,0,0,0.484,0.522,-0.038,49
Team2_Wins,9,4,0,1,1,0,0,0.552,0.433,0.119,73
Team1_Wins,11,13,0,0,0,0,0,0.455,0.5,-0.045,11
Team2_Wins,14,3,0,1,1,0,0,0.488,0.46,0.028,63
Team1_Wins,15,9,1,1,1,0,0,0.484,0.552,-0.068,49
Team2_Wins,11,7,0,1,1,0,0,0.455,0.522,-0.067,11
Team1_Wins,9,14,1,1,1,0,0,0.552,0.488,0.064,73
Team2_Wins,4,15,0,1,1,0,0,0.433,0.484,-0.051,10
Team2_Wins,13,14,1,1,1,0,0,0.5,0.488,0.012,22
Team1_Wins,3,9,0,1,1,0,0,0.46,0.552,-0.092,59
Team1_Wins,15,11,1,1,1,0,0,0.484,0.455,0.029,49
Team1_Wins,4,14,0,0,0,0,0,0.433,0.488,-0.055,10
Team2_Wins,13,7,0,1,1,0,0,0.5,0.522,-0.022,22
Team2_Wins,11,9,1,1,1,0,0,0.455,0.552,-0.097,11
Team2_Wins,15,13,0,1,1,0,0,0.484,0.5,-0.016,49
Team2_Wins,3,4,1,1,1,0,0,0.46,0.433,0.027,59
Team1_Wins,9,7,1,1,1,0,0,0.552,0.522,0.03,73
Team2_Wins,13,4,0,1,1,0,0,0.5,0.433,0.067,22
Team1_Wins,3,7,0,1,1,0,0,0.46,0.522,-0.062,59
Team1_Wins,15,14,0,1,1,0,0,0.484,0.488,-0.004,49
Team2_Wins,4,11,1,1,1,0,0,0.433,0.455,-0.022,10
Team2_Wins,13,9,0,1,1,0,0,0.5,0.552,-0.052,22
Team2_Wins,14,7,0,1,1,0,0,0.488,0.522,-0.034,63
Team2_Wins,4,3,0,1,1,0,0,0.433,0.46,-0.027,10
Team1_Wins,7,11,0,1,1,0,0,0.522,0.455,0.067,77
Team2_Wins,3,13,0,1,1,0,0,0.46,0.5,-0.04,59
Team1_Wins,15,4,1,1,1,0,0,0.484,0.433,0.051,49
Team1_Wins,14,13,1,1,1,0,0,0.488,0.5,-0.012,63
Team1_Wins,11,3,0,1,1,0,0,0.455,0.46,-0.005,11
Team2_Wins,9,15,1,1,1,0,0,0.552,0.484,0.068,13
Team2_Wins,7,4,0,1,1,0,0,0.522,0.433,0.089,77
Team2_Wins,11,14,1,1,1,0,0,0.455,0.488,-0.033,11
Team2_Wins,13,15,0,0,0,0,0,0.5,0.484,0.016,13
Team2_Wins,14,9,0,1,1,0,0,0.488,0.552,-0.064,63
Team2_Wins,15,3,0,1,1,0,0,0.484,0.46,0.024,49
Team2_Wins,9,11,1,0,0,0,0,0.552,0.455,0.097,13
Team1_Wins,14,4,0,1,1,0,0,0.488,0.433,0.055,63
Team1_Wins,7,13,0,0,0,0,0,0.522,0.5,0.022,77
Team2_Wins,11,15,1,0,0,0,0,0.455,0.484,-0.029,11
Team1_Wins,9,3,0,1,1,0,0,0.552,0.46,0.092,13
Team2_Wins,7,14,0,1,1,0,0,0.522,0.488,0.034,77
Team1_Wins,13,3,1,1,1,0,0,0.5,0.46,0.04,13
Team1_Wins,14,11,0,1,1,0,0,0.488,0.455,0.033,63
Team1_Wins,4,7,1,1,1,0,0,0.433,0.522,-0.089,4
Team1_Wins,3,15,1,1,1,0,0,0.46,0.484,-0.024,6
Team1_Wins,13,11,0,0,0,0,0,0.5,0.455,0.045,13
Team1_Wins,4,9,1,1,1,0,0,0.433,0.552,-0.119,4
Team1_Wins,7,15,0,1,1,0,0,0.522,0.484,0.038,77
Team2_Wins,3,14,0,1,1,0,0,0.46,0.488,-0.028,6
Team2_Wins,4,14,0,1,1,1,0,0.433,0.488,-0.055,63
Team1_Wins,15,7,0,1,1,0,0,0.484,0.522,-0.038,59
Team2_Wins,4,15,0,1,1,1,0,0.433,0.484,-0.051,59
Team2_Wins,14,15,0,0,0,1,0,0.488,0.484,0.004,63
Team1_Wins,15,14,0,1,1,0,0,0.484,0.488,-0.004,49
Team1_Wins,13,9,1,1,1,0,0,0.5,0.552,-0.052,22
Team2_Wins,4,7,0,1,1,0,0,0.433,0.522,-0.089,10
Team1_Wins,11,13,1,1,1,0,0,0.455,0.5,-0.045,9
Team1_Wins,14,3,1,0,0,0,0,0.488,0.46,0.028,14
Team1_Wins,15,4,1,1,1,0,0,0.484,0.433,0.051,49
Team1_Wins,9,7,1,1,1,0,0,0.552,0.522,0.03,73
Team1_Wins,11,14,0,0,0,0,0,0.455,0.488,-0.033,9
Team2_Wins,13,3,1,1,1,0,0,0.5,0.46,0.04,22
Team1_Wins,9,15,1,1,1,0,0,0.552,0.484,0.068,73
Team1_Wins,7,11,1,1,1,0,0,0.522,0.455,0.067,77
Team2_Wins,14,9,0,1,1,0,0,0.488,0.552,-0.064,63
Team1_Wins,4,13,1,1,1,0,0,0.433,0.5,-0.067,10
Team1_Wins,7,15,0,1,1,0,0,0.522,0.484,0.038,77
Team1_Wins,3,11,1,0,0,0,0,0.46,0.455,0.005,59
Team1_Wins,9,4,1,1,1,0,0,0.552,0.433,0.119,73
Team2_Wins,14,13,1,1,1,0,0,0.488,0.5,-0.012,63
Team2_Wins,3,7,1,0,0,0,0,0.46,0.522,-0.062,59
Team1_Wins,15,11,0,1,1,0,0,0.484,0.455,0.029,49
Team2_Wins,4,14,1,1,1,0,0,0.433,0.488,-0.055,10
Team1_Wins,15,3,1,0,0,0,0,0.484,0.46,0.024,49
Team2_Wins,11,9,0,1,1,0,0,0.455,0.552,-0.097,9
Team2_Wins,7,4,0,1,1,0,0,0.522,0.433,0.089,77
Team1_Wins,9,3,0,1,1,0,0,0.552,0.46,0.092,73
Team1_Wins,13,15,1,1,1,0,0,0.5,0.484,0.016,22
Team2_Wins,4,11,1,1,1,0,0,0.433,0.455,-0.022,10
Team1_Wins,7,14,0,1,1,0,0,0.522,0.488,0.034,77
Team2_Wins,9,13,1,1,1,0,0,0.552,0.5,0.052,73
Team2_Wins,13,7,0,1,1,0,0,0.5,0.522,-0.022,22
Team2_Wins,14,4,0,1,1,0,0,0.488,0.433,0.055,63
Team1_Wins,7,3,1,1,1,0,0,0.522,0.46,0.062,77
Team2_Wins,11,15,1,1,1,0,0,0.455,0.484,-0.029,11
Team1_Wins,13,14,0,1,1,0,0,0.5,0.488,0.012,22
Team2_Wins,4,9,1,0,0,0,1,0.433,0.552,-0.119,10
Team1_Wins,11,3,1,1,1,0,0,0.455,0.46,-0.005,11
Team1_Wins,15,7,0,1,1,0,0,0.484,0.522,-0.038,49
Team1_Wins,9,14,0,0,0,0,0,0.552,0.488,0.064,73
Team1_Wins,13,4,1,1,1,0,0,0.5,0.433,0.067,22
Team1_Wins,3,15,1,1,1,0,0,0.46,0.484,-0.024,59
Team2_Wins,7,13,0,1,1,0,0,0.522,0.5,0.022,77
Team1_Wins,3,4,1,1,1,0,0,0.46,0.433,0.027,59
Team2_Wins,14,11,1,1,1,0,0,0.488,0.455,0.033,63
Team2_Wins,15,13,1,1,1,0,0,0.484,0.5,-0.016,49
Team2_Wins,3,9,1,1,1,0,0,0.46,0.552,-0.092,59
Team2_Wins,14,7,0,1,1,0,0,0.488,0.522,-0.034,63
Team2_Wins,11,4,0,1,1,0,0,0.455,0.433,0.022,11
Team1_Wins,15,9,0,0,0,0,0,0.484,0.552,-0.068,49
Team1_Wins,11,7,0,1,1,0,0,0.455,0.522,-0.067,11
Team2_Wins,4,3,0,1,1,0,0,0.433,0.46,-0.027,4
Team2_Wins,9,11,1,1,1,0,0,0.552,0.455,0.097,73
Team1_Wins,3,13,1,0,0,0,0,0.46,0.5,-0.04,59
Team2_Wins,4,15,0,1,1,0,0,0.433,0.484,-0.051,4
Team2_Wins,7,9,1,1,1,0,0,0.522,0.552,-0.03,77
Team1_Wins,13,11,1,1,1,0,0,0.5,0.455,0.045,22
Team2_Wins,3,14,0,0,0,0,0,0.46,0.488,-0.028,59
Team2_Wins,9,13,1,1,1,1,0,0.552,0.5,0.052,73
Team2_Wins,15,7,0,1,1,1,0,0.484,0.522,-0.038,63
Team1_Wins,9,7,1,1,1,1,0,0.552,0.522,0.03,63
Team1_Wins,9,13,1,0,0,1,0,0.552,0.5,0.052,49
Team2_Wins,9,1,0,1,1,0,0,0.552,0.582,-0.03,73
Team2_Wins,3,11,0,1,1,0,0,0.46,0.455,0.005,10
Team2_Wins,14,7,0,1,1,0,0,0.488,0.522,-0.034,77
Team2_Wins,12,15,0,1,1,0,0,0.511,0.484,0.027,15
Team2_Wins,7,1,0,1,1,0,0,0.522,0.582,-0.06,9
Team1_Wins,12,3,0,1,1,0,0,0.511,0.46,0.051,47
Team2_Wins,9,15,0,1,1,0,0,0.552,0.484,0.068,15
Team2_Wins,11,14,0,1,1,0,0,0.455,0.488,-0.033,14
Team2_Wins,9,3,0,1,1,0,0,0.552,0.46,0.092,73
Team2_Wins,7,15,0,1,1,0,0,0.522,0.484,0.038,77
Team1_Wins,12,14,0,1,1,0,0,0.511,0.488,0.023,14
Team1_Wins,11,1,0,1,1,0,0,0.455,0.582,-0.127,10
Team1_Wins,7,3,0,1,1,0,0,0.522,0.46,0.062,77
Team1_Wins,9,14,0,1,1,0,0,0.552,0.488,0.064,73
Team2_Wins,12,7,0,1,1,0,0,0.511,0.522,-0.011,47
Team1_Wins,11,15,1,0,0,0,0,0.455,0.484,-0.029,10
Team1_Wins,1,12,0,1,1,0,0,0.582,0.511,0.071,22
Team2_Wins,7,11,0,1,1,0,0,0.522,0.455,0.067,77
Team2_Wins,3,14,0,1,1,0,0,0.46,0.488,-0.028,14
Team1_Wins,1,15,0,1,1,0,0,0.582,0.484,0.098,15
Team2_Wins,9,12,1,0,0,0,0,0.552,0.511,0.041,47
Team1_Wins,11,3,0,1,1,0,0,0.455,0.46,-0.005,14
Team1_Wins,15,9,0,1,1,0,0,0.484,0.552,-0.068,73
Team2_Wins,14,1,0,1,1,0,0,0.488,0.582,-0.094,14
Team1_Wins,15,11,0,1,1,0,0,0.484,0.455,0.029,15
Team1_Wins,3,7,0,1,1,0,0,0.46,0.522,-0.062,14
Team2_Wins,1,9,0,1,1,0,0,0.582,0.552,0.03,22
Team1_Wins,15,12,1,0,0,0,0,0.484,0.511,-0.027,47
Team2_Wins,14,7,0,1,1,0,0,0.488,0.522,-0.034,14
Team1_Wins,1,3,0,1,1,0,0,0.582,0.46,0.122,22
Team1_Wins,14,9,0,1,1,0,0,0.488,0.552,-0.064,14
Team1_Wins,3,12,0,1,1,0,0,0.46,0.511,-0.051,14
Team2_Wins,1,7,0,1,1,0,0,0.582,0.522,0.06,77
Team2_Wins,11,9,0,1,1,0,0,0.455,0.552,-0.097,9
Team2_Wins,14,1,0,1,1,0,0,0.488,0.582,-0.094,22
Team2_Wins,3,15,1,0,0,0,0,0.46,0.484,-0.024,15
Team1_Wins,9,7,0,1,1,0,0,0.552,0.522,0.03,73
Team2_Wins,12,11,0,1,1,0,0,0.511,0.455,0.056,9
Team1_Wins,15,14,0,1,1,0,0,0.484,0.488,-0.004,15
Team1_Wins,12,11,1,0,0,0,0,0.511,0.455,0.056,47
Team1_Wins,9,7,0,1,1,0,0,0.552,0.522,0.03,77
Team2_Wins,3,15,1,0,0,0,0,0.46,0.484,-0.024,14
Team2_Wins,1,12,1,0,0,0,0,0.582,0.511,0.071,47
Team1_Wins,7,11,0,1,1,0,0,0.522,0.455,0.067,9
Team2_Wins,3,14,0,1,1,0,0,0.46,0.488,-0.028,14
Team2_Wins,15,1,0,1,1,0,0,0.484,0.582,-0.098,22
Team2_Wins,9,12,0,1,1,0,0,0.552,0.511,0.041,73
Team2_Wins,11,14,0,1,1,0,0,0.455,0.488,-0.033,9
Team2_Wins,12,7,0,1,1,0,0,0.511,0.522,-0.011,77
Team1_Wins,9,11,0,1,1,0,0,0.552,0.455,0.097,73
Team1_Wins,14,15,0,1,1,0,0,0.488,0.484,0.004,14
Team1_Wins,3,1,0,1,1,0,0,0.46,0.582,-0.122,14
Team1_Wins,12,14,1,0,0,0,0,0.511,0.488,0.023,47
Team2_Wins,15,7,1,0,0,0,0,0.484,0.522,-0.038,15
Team1_Wins,3,9,1,0,0,0,0,0.46,0.552,-0.092,14
Team2_Wins,11,1,0,1,1,0,0,0.455,0.582,-0.127,22
Team2_Wins,15,1,0,1,1,1,0,0.484,0.582,-0.098,73
Team1_Wins,7,12,0,1,1,1,0,0.522,0.511,0.011,77
Team1_Wins,15,7,0,1,1,1,0,0.484,0.522,-0.038,77
Team2_Wins,15,1,0,1,1,1,0,0.484,0.582,-0.098,73
Team2_Wins,14,1,0,1,1,0,0,0.488,0.582,-0.094,9
Team2_Wins,15,7,0,1,1,0,0,0.484,0.522,-0.038,77
Team1_Wins,3,9,0,1,1,0,0,0.46,0.552,-0.092,73
Team1_Wins,11,12,0,1,1,0,0,0.455,0.511,-0.056,47
Team2_Wins,3,1,1,0,0,0,0,0.46,0.582,-0.122,14
Team1_Wins,7,11,0,1,1,0,0,0.522,0.455,0.067,77
Team1_Wins,9,14,0,1,1,0,0,0.552,0.488,0.064,14
Team2_Wins,12,15,1,0,0,0,0,0.511,0.484,0.027,15
Team2_Wins,9,11,0,1,1,0,0,0.552,0.455,0.097,10
Team2_Wins,7,3,0,1,1,0,1,0.522,0.46,0.062,14
Team1_Wins,15,14,0,1,1,0,0,0.484,0.488,-0.004,15
Team1_Wins,1,12,0,1,1,0,0,0.582,0.511,0.071,9
Team1_Wins,11,3,0,1,1,0,0,0.455,0.46,-0.005,10
Team2_Wins,14,12,0,1,1,0,0,0.488,0.511,-0.023,47
Team1_Wins,9,1,0,1,1,0,0,0.552,0.582,-0.03,73
Team2_Wins,3,15,0,1,1,0,0,0.46,0.484,-0.024,14
Team2_Wins,14,7,0,1,1,0,0,0.488,0.522,-0.034,14
Team1_Wins,1,11,1,0,0,0,0,0.582,0.455,0.127,9
Team1_Wins,9,15,0,1,1,0,0,0.552,0.484,0.068,15
Team2_Wins,14,3,0,1,1,0,0,0.488,0.46,0.028,14
Team2_Wins,12,7,0,1,1,0,0,0.511,0.522,-0.011,47
Team2_Wins,15,11,0,1,1,0,0,0.484,0.455,0.029,10
Team2_Wins,7,1,0,1,1,0,0,0.522,0.582,-0.06,9
Team2_Wins,11,9,0,1,1,0,0,0.455,0.552,-0.097,73
Team2_Wins,12,1,0,1,1,0,0,0.511,0.582,-0.071,47
Team2_Wins,7,3,0,1,1,0,0,0.522,0.46,0.062,77
Team2_Wins,9,12,0,1,1,0,0,0.552,0.511,0.041,73
Team2_Wins,11,14,0,1,1,0,0,0.455,0.488,-0.033,10
Team2_Wins,7,1,0,1,1,0,0,0.522,0.582,-0.06,77
Team1_Wins,3,15,0,1,1,0,0,0.46,0.484,-0.024,15
Team2_Wins,14,9,0,1,1,0,0,0.488,0.552,-0.064,73
Team1_Wins,11,12,0,1,1,0,0,0.455,0.511,-0.056,10
Team2_Wins,1,15,1,0,0,0,0,0.582,0.484,0.098,15
Team1_Wins,9,3,1,0,0,0,0,0.552,0.46,0.092,14
Team1_Wins,14,7,0,1,1,0,0,0.488,0.522,-0.034,77
Team2_Wins,9,12,0,1,1,0,0,0.552,0.511,0.041,47
Team2_Wins,11,3,0,1,1,0,0,0.455,0.46,-0.005,14
Team2_Wins,7,15,0,1,1,0,0,0.522,0.484,0.038,15
Team1_Wins,14,1,0,1,1,0,0,0.488,0.582,-0.094,14
Team2_Wins,12,3,0,1,1,0,0,0.511,0.46,0.051,47
Team2_Wins,15,1,0,1,1,0,0,0.484,0.582,-0.098,9
Team1_Wins,14,11,0,1,1,0,0,0.488,0.455,0.033,14
Team2_Wins,7,12,0,1,1,0,0,0.522,0.511,0.011,77
Team1_Wins,9,1,0,1,1,0,0,0.552,0.582,-0.03,9
Team2_Wins,15,12,0,1,1,0,0,0.484,0.511,-0.027,47
Team1_Wins,3,14,1,0,0,0,0,0.46,0.488,-0.028,14
Team1_Wins,7,9,0,1,1,0,0,0.522,0.552,-0.03,77
Team1_Wins,15,11,0,1,1,0,0,0.484,0.455,0.029,15
Team1_Wins,1,3,0,1,1,0,0,0.582,0.46,0.122,9
Team1_Wins,9,15,1,0,0,0,1,0.552,0.484,0.068,73
Team2_Wins,11,7,0,1,1,0,0,0.455,0.522,-0.067,10
Team2_Wins,12,3,1,0,0,0,0,0.511,0.46,0.051,14
Team2_Wins,15,14,0,1,1,0,0,0.484,0.488,-0.004,14
Team2_Wins,1,11,0,1,1,0,0,0.582,0.455,0.127,10
Team2_Wins,7,9,0,1,1,0,0,0.522,0.552,-0.03,73
Team2_Wins,1,9,1,0,0,1,0,0.582,0.552,0.03,9
Team2_Wins,15,3,0,1,1,1,0,0.484,0.46,0.024,13
Team2_Wins,3,1,0,1,1,1,0,0.46,0.582,-0.122,13
Team1_Wins,9,1,1,0,0,1,0,0.552,0.582,-0.03,15
Team2_Wins,9,1,0,1,1,0,0,0.552,0.582,-0.03,29
Team1_Wins,3,11,0,1,1,0,1,0.46,0.455,0.005,46
Team1_Wins,14,15,0,1,1,0,0,0.488,0.484,0.004,46
Team1_Wins,12,1,0,1,1,0,0,0.511,0.582,-0.071,28
Team1_Wins,9,7,0,1,1,0,0,0.552,0.522,0.03,29
Team1_Wins,11,14,0,1,1,0,0,0.455,0.488,-0.033,46
Team1_Wins,3,1,0,1,1,0,0,0.46,0.582,-0.122,46
Team2_Wins,15,7,1,0,0,0,0,0.484,0.522,-0.038,29
Team2_Wins,11,12,0,1,1,0,0,0.455,0.511,-0.056,28
Team1_Wins,14,9,0,1,1,0,1,0.488,0.552,-0.064,46
Team1_Wins,15,3,0,1,1,0,0,0.484,0.46,0.024,29
Team1_Wins,7,12,0,1,1,0,0,0.522,0.511,0.011,46
Team1_Wins,9,11,0,1,1,0,0,0.552,0.455,0.097,29
Team1_Wins,15,1,1,0,0,0,0,0.484,0.582,-0.098,46
Team2_Wins,12,14,1,0,0,0,0,0.511,0.488,0.023,29
Team1_Wins,3,7,0,1,1,0,0,0.46,0.522,-0.062,28
Team2_Wins,11,1,1,0,0,0,0,0.455,0.582,-0.127,46
Team1_Wins,9,15,1,0,0,0,0,0.552,0.484,0.068,28
Team1_Wins,3,14,0,1,1,0,0,0.46,0.488,-0.028,46
Team1_Wins,9,12,1,0,0,0,0,0.552,0.511,0.041,29
Team1_Wins,7,1,1,0,0,0,0,0.522,0.582,-0.06,29
Team1_Wins,15,11,1,0,0,0,0,0.484,0.455,0.029,46
Team1_Wins,3,12,0,1,1,0,0,0.46,0.511,-0.051,28
Team1_Wins,7,11,1,0,0,0,0,0.522,0.455,0.067,29
Team1_Wins,14,1,1,0,0,0,0,0.488,0.582,-0.094,46
Team2_Wins,15,12,1,0,0,0,0,0.484,0.511,-0.027,46
Team2_Wins,3,9,1,0,0,0,0,0.46,0.552,-0.092,29
Team1_Wins,14,7,1,0,0,0,0,0.488,0.522,-0.034,28
Team1_Wins,1,15,1,0,0,0,0,0.582,0.484,0.098,46
Team1_Wins,3,12,1,0,0,0,0,0.46,0.511,-0.051,46
Team2_Wins,14,11,1,0,0,0,0,0.488,0.455,0.033,28
Team2_Wins,7,9,1,0,0,0,0,0.522,0.552,-0.03,29
Team2_Wins,1,3,1,0,0,0,0,0.582,0.46,0.122,28
Team2_Wins,12,14,1,0,0,0,0,0.511,0.488,0.023,46
Team1_Wins,7,15,0,1,1,0,1,0.522,0.484,0.038,29
Team2_Wins,9,11,1,0,0,0,1,0.552,0.455,0.097,46
Team2_Wins,1,12,1,0,0,0,0,0.582,0.511,0.071,29
Team2_Wins,3,11,1,0,0,0,0,0.46,0.455,0.005,46
Team2_Wins,7,14,1,0,0,0,0,0.522,0.488,0.034,29
Team2_Wins,12,15,0,1,1,0,0,0.511,0.484,0.027,46
Team2_Wins,1,9,0,1,1,0,0,0.582,0.552,0.03,28
Team1_Wins,7,3,0,1,1,0,0,0.522,0.46,0.062,29
Team1_Wins,11,15,0,1,1,0,0,0.455,0.484,-0.029,46
Team2_Wins,9,12,1,0,0,0,0,0.552,0.511,0.041,29
Team2_Wins,14,1,1,0,0,0,0,0.488,0.582,-0.094,46
Team2_Wins,7,11,0,1,1,0,0,0.522,0.455,0.067,28
Team1_Wins,15,3,0,1,1,0,0,0.484,0.46,0.024,46
Team2_Wins,14,9,0,1,1,0,0,0.488,0.552,-0.064,29
Team2_Wins,7,1,0,1,1,0,0,0.522,0.582,-0.06,46
Team2_Wins,11,12,0,1,1,0,0,0.455,0.511,-0.056,29
Team2_Wins,14,15,0,1,1,0,0,0.488,0.484,0.004,28
Team2_Wins,3,9,0,1,1,0,0,0.46,0.552,-0.092,46
Team2_Wins,11,1,0,1,1,0,0,0.455,0.582,-0.127,29
Team1_Wins,7,12,0,1,1,0,0,0.522,0.511,0.011,46
Team2_Wins,14,3,0,1,1,0,0,0.488,0.46,0.028,29
Team2_Wins,9,15,0,1,1,0,0,0.552,0.484,0.068,28
Team1_Wins,9,3,0,1,1,1,0,0.552,0.46,0.092,46
Team2_Wins,14,15,0,1,1,1,0,0.488,0.484,0.004,29
Team1_Wins,3,15,1,0,0,1,0,0.46,0.484,-0.024,29
Team2_Wins,3,9,1,0,0,1,0,0.46,0.552,-0.092,46
Team2_Wins,9,14,0,1,1,0,0,0.552,0.488,0.064,28
Team2_Wins,1,3,0,1,1,0,0,0.582,0.46,0.122,45
Team1_Wins,7,15,0,1,1,0,0,0.522,0.484,0.038,28
Team1_Wins,11,12,0,1,1,0,0,0.455,0.511,-0.056,45
Team1_Wins,9,7,0,1,1,0,0,0.552,0.522,0.03,28
Team1_Wins,14,15,0,1,1,0,0,0.488,0.484,0.004,28
Team2_Wins,3,12,0,1,1,0,0,0.46,0.511,-0.051,45
Team2_Wins,11,1,0,1,1,0,0,0.455,0.582,-0.127,45
Team1_Wins,9,15,1,0,0,0,0,0.552,0.484,0.068,28
Team1_Wins,14,7,1,0,0,0,0,0.488,0.522,-0.034,28
Team2_Wins,11,3,0,1,1,0,0,0.455,0.46,-0.005,45
Team1_Wins,1,12,0,1,1,0,0,0.582,0.511,0.071,45
Team2_Wins,9,3,1,0,0,0,0,0.552,0.46,0.092,28
Team2_Wins,11,15,1,0,0,0,0,0.455,0.484,-0.029,28
Team1_Wins,1,7,0,1,1,0,0,0.582,0.522,0.06,45
Team2_Wins,12,14,0,1,1,0,0,0.511,0.488,0.023,45
Team2_Wins,9,11,0,1,1,0,0,0.552,0.455,0.097,28
Team2_Wins,7,12,0,1,1,0,0,0.522,0.511,0.011,45
Team1_Wins,1,14,1,0,0,0,0,0.582,0.488,0.094,45
Team1_Wins,3,15,1,0,0,0,1,0.46,0.484,-0.024,28
Team2_Wins,11,7,0,1,1,0,0,0.455,0.522,-0.067,24
Team1_Wins,14,3,0,1,1,0,0,0.488,0.46,0.028,24
Team2_Wins,15,1,1,0,0,0,0,0.484,0.582,-0.098,16
Team2_Wins,12,9,0,1,1,0,0,0.511,0.552,-0.041,16
Team2_Wins,7,3,0,1,1,0,0,0.522,0.46,0.062,24
Team1_Wins,11,14,0,1,1,0,0,0.455,0.488,-0.033,24
Team2_Wins,1,9,0,1,1,0,0,0.582,0.552,0.03,16
Team1_Wins,12,15,0,1,1,0,0,0.511,0.484,0.027,16
Team2_Wins,11,3,0,1,1,0,0,0.455,0.46,-0.005,24
Team1_Wins,1,9,1,0,0,0,0,0.582,0.552,0.03,46
Team2_Wins,14,7,1,0,0,0,0,0.488,0.522,-0.034,8
Team1_Wins,12,11,0,1,1,0,0,0.511,0.455,0.056,46
Team2_Wins,15,3,1,0,0,0,0,0.484,0.46,0.024,46
Team2_Wins,9,7,0,1,1,0,0,0.552,0.522,0.03,8
Team2_Wins,14,1,0,1,1,0,0,0.488,0.582,-0.094,28
Team1_Wins,3,12,0,1,1,0,0,0.46,0.511,-0.051,8
Team1_Wins,11,15,0,1,1,0,0,0.455,0.484,-0.029,28
Team2_Wins,7,1,1,0,0,0,0,0.522,0.582,-0.06,8
Team1_Wins,14,9,0,1,1,0,0,0.488,0.552,-0.064,46
Team2_Wins,12,15,1,0,0,0,0,0.511,0.484,0.027,46
Team2_Wins,3,7,0,1,1,0,0,0.46,0.522,-0.062,28
Team2_Wins,11,9,0,1,1,0,0,0.455,0.552,-0.097,8
Team2_Wins,12,14,0,1,1,0,0,0.511,0.488,0.023,46
Team2_Wins,15,1,0,1,1,0,0,0.484,0.582,-0.098,28
Team2_Wins,7,11,0,1,1,0,0,0.522,0.455,0.067,46
Team2_Wins,1,12,0,1,1,0,0,0.582,0.511,0.071,8
Team2_Wins,9,3,0,1,1,0,0,0.552,0.46,0.092,28
Team1_Wins,14,11,1,0,0,0,0,0.488,0.455,0.033,28
Team2_Wins,15,7,1,0,0,0,0,0.484,0.522,-0.038,46
Team2_Wins,1,3,0,1,1,0,0,0.582,0.46,0.122,46
Team2_Wins,12,9,0,1,1,0,0,0.511,0.552,-0.041,28
Team1_Wins,15,14,0,1,1,0,0,0.484,0.488,-0.004,8
Team2_Wins,1,11,0,1,1,0,0,0.582,0.455,0.127,46
Team1_Wins,7,12,0,1,1,0,0,0.522,0.511,0.011,28
Team1_Wins,9,15,1,0,0,0,0,0.552,0.484,0.068,8
Team2_Wins,3,14,0,1,1,0,0,0.46,0.488,-0.028,46
Team2_Wins,3,1,0,1,1,1,0,0.46,0.582,-0.122,46
Team2_Wins,14,7,1,0,0,1,0,0.488,0.522,-0.034,28
Team2_Wins,3,7,0,1,1,1,0,0.46,0.522,-0.062,28
Team1_Wins,1,7,0,1,1,1,0,0.582,0.522,0.06,46
Team2_Wins,1,7,0,1,1,0,0,0.582,0.522,0.06,45
Team2_Wins,9,3,0,1,1,0,0,0.552,0.46,0.092,17
Team2_Wins,14,11,0,1,1,0,0,0.488,0.455,0.033,20
Team2_Wins,8,5,0,1,1,0,0,0.558,0.622,-0.064,45
Team1_Wins,12,15,0,1,1,0,0,0.511,0.484,0.027,13
Team2_Wins,7,14,0,1,1,0,0,0.522,0.488,0.034,20
Team2_Wins,1,8,0,1,1,0,0,0.582,0.558,0.024,17
Team2_Wins,11,7,0,1,1,0,0,0.455,0.522,-0.067,45
Team1_Wins,12,9,0,1,1,0,0,0.511,0.552,-0.041,20
Team1_Wins,5,3,0,1,1,0,0,0.622,0.46,0.162,13
Team1_Wins,11,1,0,1,1,0,0,0.455,0.582,-0.127,17
Team1_Wins,8,15,0,1,1,0,0,0.558,0.484,0.074,20
Team2_Wins,12,14,0,1,1,0,0,0.511,0.488,0.023,45
Team2_Wins,9,7,0,1,1,0,0,0.552,0.522,0.03,13
Team2_Wins,3,8,0,1,1,0,0,0.46,0.558,-0.098,20
Team2_Wins,11,5,0,1,1,0,0,0.455,0.622,-0.167,17
Team2_Wins,1,15,0,1,1,0,0,0.582,0.484,0.098,20
Team2_Wins,9,14,0,1,1,0,0,0.552,0.488,0.064,13
Team1_Wins,3,7,0,1,1,0,0,0.46,0.522,-0.062,17
Team1_Wins,12,8,0,1,1,0,0,0.511,0.558,-0.047,45
Team2_Wins,5,15,0,1,1,0,0,0.622,0.484,0.138,20
Team1_Wins,1,14,0,1,1,0,0,0.582,0.488,0.094,20
Team1_Wins,11,9,0,1,1,0,0,0.455,0.552,-0.097,13
Team1_Wins,5,12,0,1,1,0,0,0.622,0.511,0.111,20
Team2_Wins,7,15,0,1,1,0,0,0.522,0.484,0.038,17
Team1_Wins,8,9,0,1,1,0,0,0.558,0.552,0.006,17
Team1_Wins,14,3,0,1,1,0,0,0.488,0.46,0.028,45
Team2_Wins,11,15,0,1,1,0,0,0.455,0.484,-0.029,20
Team2_Wins,1,5,0,1,1,0,0,0.582,0.622,-0.04,13
Team1_Wins,12,7,0,1,1,0,0,0.511,0.522,-0.011,17
Team1_Wins,14,8,0,1,1,0,0,0.488,0.558,-0.07,20
Team2_Wins,11,3,0,1,1,0,0,0.455,0.46,-0.005,17
Team2_Wins,9,1,0,1,1,0,0,0.552,0.582,-0.03,20
Team1_Wins,12,3,0,1,1,0,0,0.511,0.46,0.051,45
Team1_Wins,5,7,1,0,0,0,0,0.622,0.522,0.1,20
Team2_Wins,14,15,0,1,1,0,0,0.488,0.484,0.004,17
Team1_Wins,8,9,0,1,1,0,0,0.558,0.552,0.006,45
Team1_Wins,11,1,0,1,1,0,0,0.455,0.582,-0.127,45
Team1_Wins,12,14,0,1,1,0,0,0.511,0.488,0.023,13
Team2_Wins,15,5,0,1,1,0,0,0.484,0.622,-0.138,45
Team2_Wins,7,3,0,1,1,0,0,0.522,0.46,0.062,45
Team1_Wins,8,11,0,1,1,0,0,0.558,0.455,0.103,13
Team2_Wins,14,5,1,0,0,0,0,0.488,0.622,-0.134,17
Team2_Wins,12,9,0,1,1,0,0,0.511,0.552,-0.041,20
Team1_Wins,8,3,1,0,0,0,0,0.558,0.46,0.098,45
Team1_Wins,1,15,0,1,1,0,0,0.582,0.484,0.098,13
Team2_Wins,12,7,0,1,1,0,0,0.511,0.522,-0.011,45
Team2_Wins,5,11,1,0,0,0,0,0.622,0.455,0.167,20
Team1_Wins,14,1,0,1,1,0,0,0.488,0.582,-0.094,13
Team1_Wins,3,15,0,1,1,0,0,0.46,0.484,-0.024,17
Team1_Wins,9,5,0,1,1,0,0,0.552,0.622,-0.07,17
Team2_Wins,11,12,1,0,0,0,0,0.455,0.511,-0.056,45
Team1_Wins,8,7,0,1,1,0,0,0.558,0.522,0.036,13
Team1_Wins,14,15,1,0,0,0,0,0.488,0.484,0.004,45
Team1_Wins,1,3,0,1,1,0,0,0.582,0.46,0.122,20
Team1_Wins,7,9,0,1,1,0,0,0.522,0.552,-0.03,20
Team1_Wins,5,8,1,0,0,0,0,0.622,0.558,0.064,13
Team2_Wins,12,3,0,1,1,0,0,0.511,0.46,0.051,20
Team2_Wins,1,9,0,1,1,0,0,0.582,0.552,0.03,45
Team1_Wins,11,14,0,1,1,0,0,0.455,0.488,-0.033,17
Team1_Wins,7,15,1,0,0,0,0,0.522,0.484,0.038,13
Team2_Wins,1,5,1,0,0,0,0,0.582,0.622,-0.04,45
Team1_Wins,12,8,1,0,0,0,0,0.511,0.558,-0.047,17
Team1_Wins,3,11,0,1,1,0,0,0.46,0.455,0.005,20
Team1_Wins,15,9,0,1,1,0,0,0.484,0.552,-0.068,45
Team1_Wins,8,7,1,0,0,0,0,0.558,0.522,0.036,20
Team2_Wins,5,14,1,0,0,0,0,0.622,0.488,0.134,45
Team2_Wins,1,12,1,0,0,0,0,0.582,0.511,0.071,17
Team2_Wins,3,9,0,1,1,0,0,0.46,0.552,-0.092,45
Team2_Wins,15,11,1,0,0,0,0,0.484,0.455,0.029,45
Team2_Wins,12,5,0,1,1,1,0,0.511,0.622,-0.111,16
Team1_Wins,14,8,0,1,1,1,0,0.488,0.558,-0.07,16
Team2_Wins,14,12,0,1,1,1,0,0.488,0.511,-0.023,24
Team2_Wins,12,5,1,0,0,1,0,0.511,0.622,-0.111,24
Team2_Wins,1,5,0,1,1,0,0,0.582,0.622,-0.04,24
Team1_Wins,11,7,0,1,1,0,0,0.455,0.522,-0.067,5
Team1_Wins,8,3,0,1,1,0,0,0.558,0.46,0.098,13
Team1_Wins,12,15,0,1,1,0,0,0.511,0.484,0.027,13
Team2_Wins,9,14,0,1,1,0,0,0.552,0.488,0.064,14
Team1_Wins,1,8,0,1,1,0,0,0.582,0.558,0.024,28
Team2_Wins,3,5,0,1,1,0,0,0.46,0.622,-0.162,16
Team1_Wins,11,12,0,1,1,0,0,0.455,0.511,-0.056,3
Team1_Wins,7,14,0,1,1,0,0,0.522,0.488,0.034,16
Team2_Wins,15,8,1,0,0,0,0,0.484,0.558,-0.074,13
Team1_Wins,12,3,0,1,1,0,0,0.511,0.46,0.051,3
Team2_Wins,9,1,0,1,1,0,0,0.552,0.582,-0.03,45
Team2_Wins,5,7,1,0,0,0,0,0.622,0.522,0.1,24
Team2_Wins,11,15,0,1,1,0,0,0.455,0.484,-0.029,13
Team2_Wins,14,8,0,1,1,0,0,0.488,0.558,-0.07,14
Team2_Wins,3,9,0,1,1,0,0,0.46,0.552,-0.092,16
Team1_Wins,12,1,0,1,1,0,0,0.511,0.582,-0.071,28
Team2_Wins,11,5,0,1,1,0,0,0.455,0.622,-0.167,5
Team1_Wins,15,7,0,1,1,0,0,0.484,0.522,-0.038,16
Team1_Wins,14,3,0,1,1,0,0,0.488,0.46,0.028,14
Team2_Wins,8,11,0,1,1,0,0,0.558,0.455,0.103,13
Team2_Wins,7,9,0,1,1,0,0,0.522,0.552,-0.03,45
Team2_Wins,5,12,0,1,1,0,0,0.622,0.511,0.111,24
Team1_Wins,1,14,0,1,1,0,0,0.582,0.488,0.094,14
Team1_Wins,9,15,0,1,1,0,0,0.552,0.484,0.068,13
Team1_Wins,8,12,0,1,1,0,0,0.558,0.511,0.047,10
Team1_Wins,14,11,0,1,1,0,0,0.488,0.455,0.033,5
Team2_Wins,7,3,0,1,1,0,0,0.522,0.46,0.062,16
Team2_Wins,15,1,0,1,1,0,0,0.484,0.582,-0.098,28
Team1_Wins,5,8,1,0,0,0,0,0.622,0.558,0.064,13
Team1_Wins,11,9,0,1,1,0,0,0.455,0.552,-0.097,45
Team1_Wins,14,12,0,1,1,0,0,0.488,0.511,-0.023,14
Team1_Wins,1,7,0,1,1,0,0,0.582,0.522,0.06,16
Team1_Wins,3,15,1,0,0,0,0,0.46,0.484,-0.024,13
Team1_Wins,5,9,0,1,1,0,0,0.622,0.552,0.07,24
Team1_Wins,7,14,0,1,1,0,0,0.522,0.488,0.034,14
Team1_Wins,12,1,1,0,0,0,0,0.511,0.582,-0.071,10
Team1_Wins,8,11,0,1,1,0,0,0.558,0.455,0.103,5
Team2_Wins,7,5,0,1,1,0,0,0.522,0.622,-0.1,16
Team1_Wins,15,3,1,0,0,0,0,0.484,0.46,0.024,16
Team2_Wins,1,11,1,0,0,0,0,0.582,0.455,0.127,28
Team2_Wins,12,9,1,0,0,0,0,0.511,0.552,-0.041,45
Team1_Wins,14,8,1,0,0,0,0,0.488,0.558,-0.07,13
Team1_Wins,3,5,1,0,0,0,0,0.46,0.622,-0.162,24
Team2_Wins,11,9,0,1,1,0,0,0.455,0.552,-0.097,5
Team1_Wins,7,15,1,0,0,0,0,0.522,0.484,0.038,13
Team2_Wins,12,5,1,0,0,0,0,0.511,0.622,-0.111,10
Team2_Wins,9,1,0,1,1,0,0,0.552,0.582,-0.03,28
Team2_Wins,14,3,1,0,0,0,0,0.488,0.46,0.028,16
Team1_Wins,5,8,0,1,1,0,0,0.622,0.558,0.064,24
Team2_Wins,12,15,1,0,0,0,0,0.511,0.484,0.027,10
Team2_Wins,11,7,1,0,0,0,0,0.455,0.522,-0.067,16
Team2_Wins,14,9,0,1,1,0,0,0.488,0.552,-0.064,45
Team1_Wins,1,3,1,0,0,0,0,0.582,0.46,0.122,28
Team2_Wins,7,12,0,1,1,0,0,0.522,0.511,0.011,16
Team1_Wins,9,5,0,1,1,0,0,0.552,0.622,-0.07,45
Team2_Wins,15,8,1,0,0,0,0,0.484,0.558,-0.074,13
Team1_Wins,11,3,0,1,1,0,0,0.455,0.46,-0.005,16
Team1_Wins,14,12,1,0,0,0,0,0.488,0.511,-0.023,10
Team2_Wins,1,7,1,0,0,0,0,0.582,0.522,0.06,28
Team1_Wins,5,15,0,1,1,0,0,0.622,0.484,0.138,24
Team1_Wins,8,9,0,1,1,0,0,0.558,0.552,0.006,13
Team1_Wins,3,11,0,1,1,0,0,0.46,0.455,0.005,4
Team2_Wins,15,14,0,1,1,0,0,0.484,0.488,-0.004,13
Team2_Wins,11,12,0,1,1,0,0,0.455,0.511,-0.056,4
Team1_Wins,1,3,1,0,0,0,0,0.582,0.46,0.122,16
Team1_Wins,8,7,0,1,1,0,0,0.558,0.522,0.036,16
Team2_Wins,15,9,0,1,1,0,0,0.484,0.552,-0.068,45
Team2_Wins,14,5,0,1,1,0,0,0.488,0.622,-0.134,14
Team1_Wins,1,5,0,1,1,1,0,0.582,0.622,-0.04,28
Team1_Wins,9,8,1,0,0,1,0,0.552,0.558,-0.006,28
Team1_Wins,5,9,0,1,1,1,0,0.622,0.552,0.07,24
Team2_Wins,5,1,0,1,1,1,0,0.622,0.582,0.04,24
Team2_Wins,14,1,1,0,0,0,0,0.488,0.582,-0.094,28
Team2_Wins,3,11,0,1,1,0,0,0.46,0.455,0.005,5
Team1_Wins,7,15,0,1,1,0,0,0.522,0.484,0.038,16
Team1_Wins,12,8,1,0,0,0,0,0.511,0.558,-0.047,10
Team1_Wins,5,9,0,1,1,0,0,0.622,0.552,0.07,24
Team2_Wins,11,14,0,1,1,0,0,0.455,0.488,-0.033,14
Team1_Wins,1,5,0,1,1,0,0,0.582,0.622,-0.04,28
Team1_Wins,15,9,0,1,1,0,0,0.484,0.552,-0.068,13
Team1_Wins,12,3,0,1,1,0,0,0.511,0.46,0.051,10
Team2_Wins,14,7,0,1,1,0,0,0.488,0.522,-0.034,14
Team1_Wins,8,11,1,0,0,0,0,0.558,0.455,0.103,13
Team2_Wins,15,5,1,0,0,0,0,0.484,0.622,-0.138,24
Team1_Wins,3,1,1,0,0,0,0,0.46,0.582,-0.122,2
Team2_Wins,9,12,0,1,1,0,0,0.552,0.511,0.041,45
Team1_Wins,8,14,0,1,1,0,0,0.558,0.488,0.07,14
Team1_Wins,7,3,1,0,0,0,0,0.522,0.46,0.062,2
Team2_Wins,5,11,0,1,1,0,0,0.622,0.455,0.167,24
Team2_Wins,1,15,0,1,1,0,0,0.582,0.484,0.098,13
Team2_Wins,14,12,0,1,1,0,0,0.488,0.511,-0.023,10
Team1_Wins,9,3,0,1,1,0,0,0.552,0.46,0.092,45
Team1_Wins,8,5,1,0,0,0,0,0.558,0.622,-0.064,13
Team2_Wins,7,1,0,1,1,0,0,0.522,0.582,-0.06,28
Team1_Wins,15,11,0,1,1,0,0,0.484,0.455,0.029,5
Team2_Wins,12,5,0,1,1,0,0,0.511,0.622,-0.111,10
Team2_Wins,14,9,0,1,1,0,0,0.488,0.552,-0.064,45
Team2_Wins,8,3,1,0,0,0,0,0.558,0.46,0.098,13
Team2_Wins,11,12,0,1,1,0,0,0.455,0.511,-0.056,5
Team2_Wins,8,7,0,1,1,0,0,0.558,0.522,0.036,16
Team1_Wins,1,9,0,1,1,0,0,0.582,0.552,0.03,45
Team1_Wins,15,14,0,1,1,0,0,0.484,0.488,-0.004,14
Team2_Wins,7,12,0,1,1,0,0,0.522,0.511,0.011,16
Team2_Wins,5,3,0,1,1,0,0,0.622,0.46,0.162,24
Team1_Wins,9,11,0,1,1,0,0,0.552,0.455,0.097,5
Team2_Wins,1,8,0,1,1,0,0,0.582,0.558,0.024,13
Team1_Wins,15,3,0,1,1,0,0,0.484,0.46,0.024,16
Team1_Wins,7,14,0,1,1,0,0,0.522,0.488,0.034,16
Team2_Wins,11,5,1,0,0,0,0,0.455,0.622,-0.167,5
Team2_Wins,9,12,1,0,0,0,0,0.552,0.511,0.041,10
Team2_Wins,1,8,0,1,1,0,0,0.582,0.558,0.024,28
Team1_Wins,3,5,0,1,1,0,0,0.46,0.622,-0.162,16
Team1_Wins,14,15,1,0,0,0,0,0.488,0.484,0.004,13
Team2_Wins,7,11,0,1,1,0,0,0.522,0.455,0.067,16
Team1_Wins,3,9,0,1,1,0,0,0.46,0.552,-0.092,16
Team2_Wins,8,12,0,1,1,0,0,0.558,0.511,0.047,13
Team2_Wins,5,14,0,1,1,0,0,0.622,0.488,0.134,24
Team1_Wins,1,15,0,1,1,0,0,0.582,0.484,0.098,28
Team2_Wins,3,7,1,0,0,0,0,0.46,0.522,-0.062,16
Team2_Wins,9,8,0,1,1,0,0,0.552,0.558,-0.006,13
Team2_Wins,1,11,0,1,1,0,0,0.582,0.455,0.127,28
Team1_Wins,15,12,1,0,0,0,0,0.484,0.511,-0.027,13
Team1_Wins,7,9,0,1,1,0,0,0.522,0.552,-0.03,45
Team2_Wins,5,14,0,1,1,0,0,0.622,0.488,0.134,14
Team1_Wins,1,11,0,1,1,0,0,0.582,0.455,0.127,4
Team1_Wins,7,8,0,1,1,0,0,0.522,0.558,-0.036,13
Team2_Wins,15,9,0,1,1,0,0,0.484,0.552,-0.068,45
Team1_Wins,3,12,0,1,1,0,0,0.46,0.511,-0.051,16
Team2_Wins,8,15,1,0,0,0,0,0.558,0.484,0.074,13
Team1_Wins,14,11,0,1,1,0,0,0.488,0.455,0.033,4
Team1_Wins,5,1,0,1,1,0,0,0.622,0.582,0.04,24
Team1_Wins,7,9,0,1,1,0,0,0.522,0.552,-0.03,16
Team2_Wins,12,1,1,0,0,0,0,0.511,0.582,-0.071,28
Team1_Wins,14,3,0,1,1,0,0,0.488,0.46,0.028,14
Team1_Wins,3,8,0,1,1,0,0,0.46,0.558,-0.098,16
Team2_Wins,12,11,1,0,0,0,0,0.511,0.455,0.056,3
Team1_Wins,8,9,0,1,1,0,0,0.558,0.552,0.006,45
Team1_Wins,14,1,0,1,1,0,0,0.488,0.582,-0.094,14
Team2_Wins,11,15,1,0,0,0,0,0.455,0.484,-0.029,13
Team2_Wins,15,7,1,0,0,1,0,0.484,0.522,-0.038,24
Team2_Wins,14,12,0,1,1,1,0,0.488,0.511,-0.023,24
Team1_Wins,15,12,0,1,1,1,0,0.484,0.511,-0.027,28
Team2_Wins,15,7,1,0,0,1,0,0.484,0.522,-0.038,28
